NAME,DATE,TIME,EMAIL,ID
"Criston Pinto","2025-01-15","09:30:45","cristonhimasha73@gmail.com","1234"
"Criston Pinto","2025-01-20","09:15:22","cristonhimasha73@gmail.com","1234"
"Criston Pinto","2025-02-05","10:00:10","cristonhimasha73@gmail.com","1234"
"Criston Pinto","2025-02-25","09:45:30","cristonhimasha73@gmail.com","1234"
"Criston Pinto","2025-03-10","09:20:15","cristonhimasha73@gmail.com","1234"
"Criston Pinto","2025-03-22","12:55:27","cristonhimasha73@gmail.com","1234"
"Sarah Johnson","2025-01-10","09:10:00","sarah.johnson@example.com","5678"
"Sarah Johnson","2025-01-25","09:25:40","sarah.johnson@example.com","5678"
"Sarah Johnson","2025-02-15","09:35:20","sarah.johnson@example.com","5678"
"Sarah Johnson","2025-03-05","09:50:55","sarah.johnson@example.com","5678"
"Alex Kumar","2025-01-12","09:00:30","alex.kumar@example.com","9012"
"Alex Kumar","2025-02-10","09:15:15","alex.kumar@example.com","9012"
"Alex Kumar","2025-03-15","09:40:10","alex.kumar@example.com","9012"
"Emily Chen","2025-01-18","09:20:00","emily.chen@example.com","3456"
"Emily Chen","2025-02-20","09:30:25","emily.chen@example.com","3456"
"Emily Chen","2025-03-12","09:45:50","emily.chen@example.com","3456"
"Emily Chen","2025-03-20","09:55:15","emily.chen@example.com","3456"